,epoch,D_loss,G_loss,E_loss
0,1,0.5484721846878529,0.2820260419975966,0.3275206843391061
1,2,0.44247147580608726,0.33104916638694704,0.42894132109358907
2,3,0.2639783904887736,0.5011511559132487,0.6229808731004596
3,4,0.14606967894360423,0.7074719206430018,0.8524152049794793
4,5,0.08500869054114446,0.9174683839082718,1.0545546663925052
5,6,0.05177123029716313,1.1317346096038818,1.230998918414116
6,7,0.03459214782924391,1.2986432490870357,1.3902401067316532
7,8,0.024302343241288327,1.4459574278444052,1.5262414515018463
8,9,0.018838190793758258,1.5457071410492063,1.6472144229337573
9,10,0.015011989693448413,1.6620690114796162,1.724303562194109
10,11,0.012444761196093168,1.7194754462689161,1.8319512568414211
11,12,0.0100296423479449,1.7875986620783806,1.921695750206709
12,13,0.007995398867933545,1.8828862868249416,2.0035899709910154
13,14,0.006389883277734043,1.9804453290998936,2.084152054041624
14,15,0.005405452069680905,2.0572333689779043,2.1453981082886457
15,16,0.004634834069292992,2.105258407071233,2.220847288146615
16,17,0.003964197330788011,2.183950897306204,2.263700880110264
17,18,0.0035949331177107524,2.22337519004941,2.3100334275513887
18,19,0.0033446483284933493,2.255319444462657,2.3439602721482515
19,20,0.002939750413133879,2.296279551461339,2.4143068566918373
20,21,0.0023859486191213364,2.3916891124099493,2.4876492712646723
21,22,0.0019448257789917989,2.480609443038702,2.5587913654744625
22,23,0.0017167040414278745,2.5341578740626574,2.603947142139077
23,24,0.0015961088975018356,2.5661551486700773,2.632135594263673
24,25,0.0014930446150174248,2.6009453050792217,2.6587636079639196
25,26,0.0013525025597118656,2.6344970781356096,2.7107917554676533
26,27,0.00130110188274557,2.6140235029160976,2.7695284225046635
27,28,0.0011786797276727157,2.6538054663687944,2.809995900839567
28,29,0.001047047976499016,2.737765058875084,2.8231592290103436
29,30,0.0009098810464820417,2.8086882773786783,2.8653547782450914
30,31,0.0008428009637100331,2.844725850969553,2.893390092998743
31,32,0.0007371076012532285,2.8724318891763687,2.9832858480513096
32,33,0.000672922384183039,2.9231243897229433,2.9962869603186846
33,34,0.0005771821929556609,2.972467765212059,3.0705752726644278
34,35,0.0005934625173722452,2.944111706689,3.0822282060980797
35,36,0.0005700174569938099,2.945615215227008,3.1220193300396204
36,37,0.0005535777499972028,2.9789902847260237,3.114108821377158
37,38,0.0005097167791063839,3.0099284891039133,3.149948576465249
38,39,0.0004315872477036464,3.077045312151313,3.2181571424007416
39,40,0.0003711271847350872,3.1304556373506784,3.289370449259877
40,41,0.00038352539627339866,3.1150756161659956,3.2783476300537586
41,42,0.000379687529630246,3.1059380937367678,3.307357521727681
42,43,0.0003131793648663006,3.1997287683188915,3.3641689494252205
43,44,0.0002899361020354263,3.258860619738698,3.361602671444416
44,45,0.00025841450792540854,3.302738321945071,3.412642043083906
45,46,0.0002379777874921274,3.3440877683460712,3.44238955155015
46,47,0.00022441390478888934,3.3775119595229626,3.4663655646145344
47,48,0.000202623781319744,3.4249393083155155,3.50525039806962
48,49,0.0001870244643669139,3.4715560860931873,3.518082182854414
49,50,0.00017125725639743905,3.5084074214100838,3.5570463463664055
50,51,0.0001538536040470717,3.5483175553381443,3.6016260385513306
51,52,0.00014110203687778267,3.596656918525696,3.6144979596138
52,53,0.00012880285839855787,3.636052932590246,3.645676411688328
53,54,0.00013050920802015753,3.653489712625742,3.6263262070715427
54,55,0.0001272877062774569,3.671061184257269,3.6389712058007717
55,56,0.00011264577688052668,3.6845954582095146,3.714671615511179
56,57,0.00010410801922944302,3.679854691028595,3.7869309671223164
57,58,0.00010723520159672262,3.6474588438868523,3.8064740523695946
58,59,0.00011794973715950618,3.5616815499961376,3.8376984857022762
59,60,0.00011357207375795042,3.57889736071229,3.851697724312544
60,61,0.00010283752931172785,3.6434210874140263,3.8641591295599937
61,62,9.247209169416237e-05,3.7051496617496014,3.8848351165652275
62,63,8.269767994306676e-05,3.7406949810683727,3.936880514025688
63,64,7.668948609307336e-05,3.795770473778248,3.931096848100424
64,65,6.68863252144547e-05,3.844775263220072,3.9941227100789547
65,66,6.26681796234152e-05,3.9008278250694275,3.9840872026979923
66,67,5.623984873182053e-05,3.9541752487421036,4.016814179718494
67,68,5.538775781133154e-05,3.9746585562825203,4.009404417127371
68,69,5.5337917899578315e-05,3.976678516715765,4.016803089529276
69,70,5.008585654309172e-05,4.003627792000771,4.073836766183376
70,71,4.5093523056038975e-05,4.044476862996817,4.114515997469425
71,72,4.301514528037842e-05,4.062442887574434,4.141416270285845
72,73,4.017533851197186e-05,4.047761373221874,4.218815270811319
73,74,4.233353874383283e-05,4.027774877846241,4.190350823104382
74,75,4.101605125583774e-05,4.0280414037406445,4.226637911051512
75,76,3.9985235758877025e-05,4.05873816087842,4.228588912636042
76,77,3.566026381918164e-05,4.120548523962498,4.252573795616627
77,78,3.12682205674264e-05,4.181828625500202,4.286183197051287
78,79,2.753553083323368e-05,4.2190882340073586,4.3549976125359535
79,80,2.7978637447745314e-05,4.208013568073511,4.361699018627405
80,81,3.0002769506154436e-05,4.160869423300028,4.3669993579387665
81,82,2.6758683645766723e-05,4.1939495131373405,4.426925618201494
82,83,2.3686583546123074e-05,4.248365733772516,4.461910601705313
83,84,2.2143752673287054e-05,4.300895180553198,4.454065997153521
84,85,1.9739566823773202e-05,4.349036384373903,4.5027369521558285
85,86,1.78963761641171e-05,4.396321665495634,4.530448172241449
86,87,1.675785249233286e-05,4.435241237282753,4.544735122472048
87,88,1.5696701723300066e-05,4.471427101641893,4.564610134810209
88,89,1.478118899456149e-05,4.499925162643194,4.591512240469456
89,90,1.3814506708342833e-05,4.523222520947456,4.619868885725737
90,91,1.2808945157871676e-05,4.549860432744026,4.6588115729391575
91,92,1.1619360556380798e-05,4.586411986500025,4.702568434178829
92,93,1.0710676576763944e-05,4.612932309508324,4.741682272404432
93,94,1.0309714738809816e-05,4.631971176713705,4.7487176693975925
94,95,9.820202912180775e-06,4.670737955719233,4.747090570628643
95,96,9.119203483010097e-06,4.713772881776094,4.765378549695015
96,97,7.897445840399087e-06,4.755333498120308,4.850435551255941
97,98,8.016368305163724e-06,4.7903006747365,4.8148369416594505
98,99,7.022628590647173e-06,4.817807499319315,4.899724338203669
99,100,6.949362916230939e-06,4.8269625678658485,4.893304273486137
100,101,6.5680885334984396e-06,4.8413090743124485,4.917365752160549
101,102,6.498576237135012e-06,4.837635539472103,4.930949792265892
102,103,5.945391830408653e-06,4.865411207079887,4.973161116242409
103,104,5.697150154304609e-06,4.90492258220911,4.9654141664505005
104,105,5.120008456316327e-06,4.944044552743435,5.018884755671024
105,106,4.92840180399412e-06,4.966412797570229,5.032634396106005
106,107,4.481061818495391e-06,4.984006393700838,5.092704989016056
107,108,4.815790308754231e-06,4.994481161236763,5.032993283122778
108,109,4.4349872361237885e-06,4.995409592986107,5.102997645735741
109,110,4.019613129457866e-06,5.007781088352203,5.164970636367798
110,111,3.7188028763068814e-06,5.044509496539831,5.186976704746485
111,112,3.493837743562267e-06,5.086355105042458,5.191904690116644
112,113,3.1908169386696272e-06,5.125140722841024,5.225466836243868
113,114,3.0845057157335987e-06,5.15158361941576,5.236362397670746
114,115,2.9101906093842445e-06,5.1740895956754684,5.262205578386784
115,116,2.9734911368706207e-06,5.193076115101576,5.23791391402483
116,117,2.614537049083765e-06,5.220157481729984,5.312134761363268
117,118,2.4749759592879172e-06,5.255785815417767,5.316369190812111
118,119,2.3160375377528908e-06,5.286609340459108,5.328847661614418
119,120,2.0879094950743138e-06,5.313313614577055,5.3875024281442165
120,121,1.925082829146163e-06,5.342606995254755,5.428379498422146
121,122,1.8666103400732936e-06,5.36668598279357,5.433221194893122
122,123,1.7654902286778906e-06,5.390433672815561,5.449676018208265
123,124,1.6954564969751118e-06,5.415518701076508,5.467377372086048
124,125,1.5883011883488507e-06,5.4414039216935635,5.498447515070438
125,126,1.5582108048306509e-06,5.452316753566265,5.49229634180665
126,127,1.5786578035914545e-06,5.44749666377902,5.489001307636499
127,128,1.5491316442961534e-06,5.447031158953905,5.510179717093706
128,129,1.4648648622994642e-06,5.469875160604715,5.552511014044285
129,130,1.3573854804604935e-06,5.500097323209047,5.57144033536315
130,131,1.1874645915455062e-06,5.5338306203484535,5.6585308983922005
131,132,1.1045813925747439e-06,5.570576723664999,5.669168204069138
132,133,1.0210676038013844e-06,5.594230230897665,5.701936479657888
133,134,9.783735253066084e-07,5.602691773325205,5.736858777701855
134,135,9.604481405744991e-07,5.589233510196209,5.772389765828848
135,136,1.0165120816196804e-06,5.5513332933187485,5.773443233221769
136,137,1.1011640941305245e-06,5.494311936199665,5.780906934291124
137,138,1.1087760736216978e-06,5.484395880252123,5.789585176855326
138,139,9.678391208467474e-07,5.5399069003760815,5.8445909433066845
139,140,9.000731271413542e-07,5.601353954523802,5.820096917450428
140,141,8.087876368634284e-07,5.657958053052425,5.860564596951008
141,142,7.478034409480472e-07,5.711666997522116,5.848335027694702
142,143,6.583257063930148e-07,5.756661739200354,5.917224649339914
143,144,6.15190601571669e-07,5.788003150373697,5.944385524839163
144,145,5.970454659554036e-07,5.8218334801495075,5.924336388707161
145,146,5.577664929923287e-07,5.858470365405083,5.944334223866463
146,147,5.283540436273881e-07,5.890579733997583,5.954201351851225
147,148,4.85535651684188e-07,5.921186693012714,5.9890740513801575
148,149,4.5784231783585483e-07,5.9450681656599045,6.022433158010244
149,150,4.3592023146743486e-07,5.961154904216528,6.048672780394554
150,151,4.1733525701914687e-07,5.964452371001244,6.0845217145979404
151,152,3.974444950927136e-07,5.971810929477215,6.113726187497377
152,153,3.9526486173002695e-07,5.975762225687504,6.116925422102213
153,154,3.978532843174065e-07,5.964226081967354,6.138269077986479
154,155,3.802914285699899e-07,5.9727905206382275,6.162302043288946
155,156,3.5841299150796146e-07,5.997459396719933,6.171110104769468
156,157,3.3687494638279247e-07,6.0361912697553635,6.197187144309282
157,158,3.147370022382745e-07,6.0707364566624165,6.217671178281307
158,159,2.8218378100852703e-07,6.109121382236481,6.2331454530358315
159,160,2.6767818939177346e-07,6.139606520533562,6.260858461260796
160,161,2.6499724148365544e-07,6.164972346276045,6.281943146139383
161,162,2.563913601427714e-07,6.188525065779686,6.296282887458801
162,163,2.4782743679452324e-07,6.206333916634321,6.303459282964468
163,164,2.2628732798679607e-07,6.221232499927282,6.325251195579767
164,165,2.175693992745309e-07,6.229545246809721,6.340792495757341
165,166,2.0474819228955e-07,6.2475227676332,6.341437119990587
166,167,1.9601134781943585e-07,6.267888974398375,6.35790229216218
167,168,1.8836880966155434e-07,6.286277033388615,6.387535527348518
168,169,1.8090780407042928e-07,6.285351812839508,6.420712437480688
169,170,1.8024302561592265e-07,6.286088112741709,6.424808323383331
170,171,1.683647858907733e-07,6.303645294159651,6.467315819114447
171,172,1.7058928958313402e-07,6.316617269068956,6.461013834923506
172,173,1.6952433201655737e-07,6.350724272429943,6.470985729247332
173,174,1.5977842926506725e-07,6.395360205322504,6.5044857412576675
174,175,1.438127956721047e-07,6.421495176851749,6.534543875604868
175,176,1.387717706302638e-07,6.430052705109119,6.547570552676916
176,177,1.2143753103099897e-07,6.44501880183816,6.5697650127112865
177,178,1.0474637068824677e-07,6.4712916277348995,6.587150573730469
178,179,1.008286329984287e-07,6.497674141079187,6.628269825130701
179,180,1.0250149751200865e-07,6.5236719362437725,6.614562053233385
180,181,1.005527537900619e-07,6.560920085757971,6.635373722761869
181,182,9.915346715905216e-08,6.592864491045475,6.682568918913603
182,183,9.693260250021041e-08,6.626284323632717,6.7081056125462055
183,184,9.696886249521697e-08,6.658386893570423,6.7564641162753105
184,185,9.558121716324308e-08,6.679910339415073,6.790445104241371
185,186,9.021131819331174e-08,6.703716799616814,6.827931582927704
186,187,9.167960668410302e-08,6.71267818659544,6.830721482634544
187,188,7.767084170273719e-08,6.720513366162777,6.880183607339859
188,189,8.734398476706318e-08,6.724466525018215,6.848433367908001
189,190,8.278887153601033e-08,6.738760128617287,6.874965183436871
190,191,7.973090782043002e-08,6.756613679230213,6.88142778724432
191,192,7.754593756015282e-08,6.767906054854393,6.880145832896233
192,193,7.998508116946468e-08,6.772539518773556,6.87033623456955
193,194,7.914373806316988e-08,6.783131197094917,6.884009778499603
194,195,7.821229419668896e-08,6.797143906354904,6.894186474382877
195,196,7.0205709190585e-08,6.80522844940424,6.914406016469002
196,197,7.03124232170893e-08,6.818798549473286,6.9144082590937614
197,198,6.634945165506778e-08,6.83818656206131,6.921848803758621
198,199,5.6922357744015883e-08,6.860052451491356,6.9355030581355095
199,200,4.7889014198609914e-08,6.875032693147659,6.937342248857021
200,201,2.4911541135486104e-08,6.901693776249886,6.941310733556747
201,202,1.4748364224326238e-08,6.922553278505802,6.941051334142685
202,203,1.1603574559537755e-08,6.950682729482651,6.942411839962006
203,204,9.927557949318544e-09,6.975904710590839,6.94358641654253
204,205,9.543872383360741e-09,7.002440929412842,6.946396246552467
205,206,6.685755461408038e-09,7.0383090898394585,6.955630868673325
206,207,9.34402616913077e-09,7.065349765121937,6.950528539717197
207,208,5.189212404395349e-09,7.0962831526994705,6.95838625729084
208,209,6.052140970672082e-09,7.118016518652439,6.960987865924835
209,210,6.01952040990561e-09,7.138719581067562,6.967214047908783
210,211,8.593753772836998e-09,7.143911436200142,6.953223310410976
211,212,7.139653918422639e-09,7.162406340241432,6.956541322171688
212,213,6.0788193680105795e-09,7.177466556429863,6.957538656890392
213,214,6.609357851815323e-09,7.191461533308029,6.958167441189289
214,215,4.863492075973634e-09,7.227306194603443,6.973521284759045
215,216,5.517479242478189e-09,7.227098152041435,6.9678614512085915
216,217,5.9209311742804485e-09,7.254857644438744,6.976282477378845
217,218,2.1060257316286163e-09,7.279040768742561,6.97072933614254
218,219,4.0427641603314746e-09,7.2941552847623825,6.9694614335894585
219,220,5.392454140336345e-09,7.303187049925327,6.96299671381712
220,221,6.285577774738614e-09,7.32307530939579,6.964522533118725
221,222,3.838794831057674e-09,7.339110694825649,6.96298722922802
222,223,2.6874959460545383e-09,7.365543827414513,6.965788781642914
223,224,3.1851713818559224e-09,7.38232546299696,6.966194584965706
224,225,2.517602357057086e-09,7.409449592232704,6.966206319630146
225,226,2.398640453144321e-09,7.4378760159015656,6.970225602388382
226,227,3.264479286066782e-09,7.462090499699116,6.977743603289127
227,228,9.10222227885199e-10,7.497427716851234,6.985070586204529
228,229,6.732685623204657e-10,7.524692207574844,6.997246779501438
229,230,3.678238749715325e-09,7.517787039279938,6.982321567833424
230,231,8.385540448867593e-10,7.546758785843849,6.988173000514507
231,232,7.649456174822072e-10,7.56925193965435,6.9934408739209175
232,233,3.7221370144044363e-09,7.552385367453098,6.975079573690891
233,234,9.549693615095237e-10,7.584714449942112,6.982709586620331
234,235,2.264277800412967e-09,7.597533531486988,6.990066677331924
235,236,1.3963774083422878e-09,7.596776843070984,6.972011595964432
236,237,2.415860231590357e-09,7.6088778376579285,6.973957814276218
237,238,1.60701635538215e-09,7.626026399433613,6.976508371531963
238,239,1.968388859676859e-09,7.63949828594923,6.977268807590008
239,240,2.3770550885721803e-09,7.671462282538414,6.996773891150951
240,241,1.1417189136383316e-09,7.679377295076847,6.975366562604904
241,242,1.8522160946925909e-09,7.69092570245266,6.981323540210724
242,243,6.784829966735226e-10,7.720145411789417,6.987678728997707
243,244,2.265611694779457e-09,7.73070003837347,6.99052444845438
244,245,6.314318053883897e-10,7.746398948132992,6.988818004727364
245,246,6.418606774555302e-10,7.775853991508484,7.002009227871895
246,247,1.5902816573364412e-09,7.7680642530322075,6.978719554841518
247,248,1.2364276220705114e-09,7.797004662454128,6.987511083483696
248,249,8.790568735168175e-10,7.813879534602165,6.98879849165678
249,250,1.3553895189359622e-09,7.821801103651524,6.98733751475811
250,251,1.1846470440897428e-09,7.852760404348373,6.997967824339867
251,252,7.593673806080559e-10,7.874689623713493,6.992524474859238
252,253,5.095595251086368e-10,7.897507458925247,7.000798508524895
253,254,1.0407043876843602e-09,7.901485100388527,6.989176534116268
254,255,3.258416126977401e-10,7.947254352271557,7.0050161853432655
255,256,3.434251757755344e-10,7.971381641924381,7.009167775511742
256,257,1.3899503250843284e-09,7.951483301818371,6.996923230588436
257,258,4.934311567195496e-10,7.990577593445778,6.993733286857605
258,259,2.712719342776518e-10,8.025833070278168,7.006788842380047
259,260,1.7826095016337112e-10,8.053233571350574,7.0215479880571365
260,261,1.567119865624432e-09,8.045992955565453,7.030044265091419
261,262,7.00553395133717e-10,8.029157191514969,6.985634624958038
262,263,8.803907934704785e-10,8.045259580016136,6.994043968617916
263,264,1.9463185371108166e-10,8.091137140989304,7.0097818076610565
264,265,2.094262985686407e-10,8.111197650432587,7.0217780992388725
265,266,2.8921929608183294e-10,8.118622399866581,7.012117117643356
266,267,1.697116949251655e-09,8.089930146932602,7.000259466469288
267,268,3.201421120389847e-10,8.13219703733921,6.998125188052654
268,269,2.219166921621843e-10,8.158824048936367,7.00666194409132
269,270,1.9851236388208904e-10,8.177791975438595,7.011327363550663
270,271,2.7284839220886176e-10,8.1853162124753,7.005205385386944
271,272,1.8410596477240818e-09,8.139983355998993,7.009989336133003
272,273,9.411450296393023e-10,8.164319537580013,6.998783268034458
273,274,2.2943518114028338e-10,8.194383814930916,7.0016965046525
274,275,1.3278621778523014e-10,8.23328910768032,7.028983123600483
275,276,1.093818889630338e-10,8.254821866750717,7.044861271977425
276,277,1.2187228223131674e-10,8.267042472958565,7.0400881469249725
277,278,1.4502194892011822e-09,8.192885808646679,7.006481371819973
278,279,2.806094125508765e-10,8.246040545403957,7.0022789016366005
279,280,1.818989274525798e-10,8.281823247671127,7.015267580747604
280,281,7.021298221651651e-10,8.304563418030739,7.034559823572636
281,282,3.5931101572805185e-10,8.269636206328869,7.001318648457527
282,283,6.18456349175435e-10,8.295620806515217,6.998318448662758
283,284,1.6734701395893642e-10,8.34087136387825,7.012911751866341
284,285,9.822542171994408e-11,8.389582328498363,7.033533364534378
285,286,1.3145229251897844e-10,8.406417831778526,7.0315117090940475
286,287,1.0368238938848057e-10,8.422288306057453,7.030414693057537
287,288,3.0704538401832987e-10,8.440290577709675,7.032624810934067
288,289,1.0082050964487638e-09,8.379512161016464,7.00912818312645
289,290,1.7486550304545573e-10,8.432080380618572,7.005957707762718
290,291,1.1095834667740334e-10,8.457579247653484,7.018731288611889
291,292,1.1823430342422503e-10,8.47791814059019,7.027145378291607
292,293,1.2974244055410228e-09,8.44388221949339,7.109630972146988
293,294,4.2770501116479176e-10,8.436449714004993,6.994621261954308
294,295,2.546584994744458e-10,8.474064372479916,7.001295238733292
295,296,2.5829647838995773e-10,8.49145295470953,6.999833032488823
296,297,6.257322872739793e-10,8.494370423257351,7.016995318233967
297,298,1.4551914306795005e-10,8.517802625894547,7.0067852437496185
298,299,1.1459632483397375e-10,8.557536885142326,7.015246741473675
299,300,8.913047491905524e-11,8.583451323211193,7.026644729077816
300,301,9.640643220797801e-11,8.597448527812958,7.024726867675781
301,302,9.385984245683862e-10,8.592630714178085,7.047928176820278
302,303,3.619788615984859e-10,8.549999691545963,7.009030044078827
303,304,1.4915712057399916e-10,8.596737295389175,7.008019842207432
304,305,1.29148238761298e-10,8.617723755538464,7.01288416236639
305,306,1.2914823919497886e-10,8.631896875798702,7.013385161757469
306,307,9.822542139468343e-11,8.649612598121166,7.017864465713501
307,308,1.0028694270424604e-10,8.662305645644665,7.022095292806625
308,309,1.1277733405349114e-09,8.646481394767761,7.043924398720264
309,310,5.220499180516591e-10,8.595064274966717,6.990290924906731
310,311,1.4915712133294068e-10,8.646522551774979,7.001027911901474
311,312,9.458744280443215e-11,8.679228231310844,7.013632841408253
312,313,8.367350714209854e-11,8.695683881640434,7.019765771925449
313,314,8.027806056628423e-11,8.70769377052784,7.025934845209122
314,315,7.094058240147971e-11,8.720242537558079,7.026750206947327
315,316,8.36735069252581e-11,8.726073056459427,7.029389470815659
316,317,6.912159299793386e-11,8.738387271761894,7.026632554829121
317,318,8.549249643722417e-11,8.745729856193066,7.026410385966301
318,319,1.0004440800098768e-09,8.699206463992596,7.05523207038641
319,320,5.384208191057047e-10,8.671859331429005,7.020067498087883
320,321,1.3278621778523014e-10,8.729217983782291,7.008204452693462
321,322,8.00355282265866e-11,8.764597959816456,7.020310260355473
322,323,7.45785604496299e-11,8.785902246832848,7.022197008132935
323,324,5.350253681930817e-10,8.728391766548157,7.026815637946129
324,325,4.1861006262917944e-10,8.731505833566189,6.99897950142622
325,326,2.9467626201564595e-10,8.739915810525417,7.0086864829063416
326,327,6.002664587178436e-11,8.805009134113789,7.023115910589695
327,328,5.8207657118759804e-11,8.836945816874504,7.02565923333168
328,329,4.5474732269720763e-11,8.853665009140968,7.038004711270332
329,330,5.5054742557382463e-11,8.866698518395424,7.035036675632
330,331,4.547473237814098e-11,8.869828276336193,7.032742239534855
331,332,4.729372167326662e-11,8.880675457417965,7.036185838282108
332,333,6.002664663072588e-11,8.887402884662151,7.033410623669624
333,334,1.3278621730818119e-09,8.771416448056698,7.078900948166847
334,335,9.276845361772673e-11,8.823104657232761,7.0075464099645615
335,336,6.912159278109342e-11,8.86445340514183,7.012289211153984
336,337,5.456967863692874e-11,8.885836631059647,7.021243162453175
337,338,6.366462532939737e-11,8.898184858262539,7.019178979098797
338,339,5.8207657118759804e-11,8.904805585741997,7.027145020663738
339,340,4.365574308301534e-11,8.918857455253601,7.023266263306141
340,341,4.365574308301534e-11,8.932772383093834,7.026906281709671
341,342,5.0931700046677464e-11,8.936355836689472,7.031383313238621
342,343,6.366462500413672e-11,8.93636854737997,7.0215785801410675
343,344,4.911271096839226e-11,8.944924138486385,7.018948368728161
344,345,5.093170015509768e-11,8.957361720502377,7.02461888641119
345,346,7.421475967410093e-10,8.926003821194172,7.0723627880215645
346,347,4.4771389059224814e-10,8.851351968944073,7.000504903495312
347,348,1.5097611008596523e-10,8.895637854933739,7.002509415149689
348,349,9.094946421418088e-11,8.92385609447956,7.008657552301884
349,350,5.456967874534896e-11,8.952718563377857,7.016494914889336
350,351,4.0017764384343846e-11,8.976881138980389,7.030101992189884
351,352,3.6379785902512785e-11,8.99483672529459,7.032249465584755
352,353,2.9103828505169793e-11,9.006715185940266,7.045965939760208
353,354,2.182787154150767e-11,9.02182286977768,7.046953916549683
354,355,3.0922817691875215e-11,9.027829341590405,7.073976896703243
355,356,6.208816783186827e-11,9.018599666655064,7.035684198141098
356,357,1.7662385911471068e-09,8.88494274765253,7.273835517466068
357,358,4.183675357104927e-11,8.94546590000391,7.009489253163338
358,359,3.092281801713587e-11,8.994833707809448,7.018042184412479
359,360,2.9103828396749576e-11,9.02039024233818,7.043285451829433
360,361,2.3646860728213093e-11,9.038333088159561,7.049274325370789
361,362,2.182787154150767e-11,9.052155785262585,7.059296153485775
362,363,3.1165349706312184e-11,9.056563131511211,7.058940343558788
363,364,3.092281780029543e-11,9.053620249032974,7.047083146870136
364,365,4.5474732161300546e-11,9.050388343632221,7.0344827845692635
365,366,1.13019867011184e-10,9.029084712266922,7.020594075322151
366,367,5.823190921431728e-10,8.970612935721874,7.002802230417728
367,368,1.675895460817936e-10,8.980644926428795,6.994114577770233
368,369,1.0186339955125384e-10,9.007539480924606,6.9985256269574165
369,370,6.730260348596778e-11,9.033102728426456,7.0049483850598335
370,371,5.2750689233382886e-11,9.053906500339508,7.006756022572517
371,372,4.18367537878897e-11,9.06961853057146,7.012288384139538
372,373,2.9103828505169793e-11,9.089861400425434,7.021413438022137
373,374,2.0008882137961814e-11,9.107263959944248,7.036988951265812
374,375,2.3646860728213093e-11,9.116094470024109,7.042575031518936
375,376,2.1827871433087453e-11,9.124348722398281,7.047240383923054
376,377,2.728483931846437e-11,9.12949238717556,7.044236861169338
377,378,8.642624339718491e-10,9.062936440110207,7.103682704269886
378,379,2.219166922706045e-10,9.007032305002213,6.998521387577057
379,380,1.0913935694859683e-10,9.04134637862444,6.998383887112141
380,381,7.457856077489056e-11,9.067608051002026,7.004921033978462
381,382,8.185451752171224e-11,9.079901613295078,7.007386617362499
382,383,5.638866793205438e-11,9.093633130192757,7.005489073693752
383,384,6.184563549217065e-11,9.105171844363213,7.012939654290676
384,385,3.8926369820644485e-10,9.099860966205597,7.053537532687187
385,386,2.0008882029541597e-10,9.01582945883274,6.996316738426685
386,387,1.3460520740561643e-10,9.065898761153221,6.996825627982616
387,388,2.717569958128607e-10,9.076769925653934,7.0129638612270355
388,389,1.3460520577931318e-10,9.062903001904488,7.016858272254467
389,390,4.5474732269720763e-11,9.105487771332264,7.004942215979099
390,391,3.092281801713587e-11,9.135441958904266,7.016483262181282
391,392,2.182787154150767e-11,9.156597137451172,7.027031265199184
392,393,1.8189892842836175e-11,9.172921679913998,7.049313120543957
393,394,2.000888224638203e-11,9.18555960804224,7.0449268370866776
394,395,1.4551914361005114e-11,9.194338962435722,7.047001227736473
395,396,1.6370903656130753e-11,9.199931181967258,7.05585078895092
396,397,1.6370903547710536e-11,9.204489812254906,7.071143917739391
397,398,2.182787154150767e-11,9.205766908824444,7.050624251365662
398,399,3.092281790871565e-11,9.199886351823807,7.042091280221939
399,400,5.820765722718002e-11,9.177931725978851,7.020790681242943
400,401,6.390715680173326e-11,9.169067569077015,7.014082960784435
401,402,8.767528180244136e-10,9.106844693422318,7.118876300752163
402,403,1.2005329315303154e-10,9.111203029751778,7.004036456346512
403,404,8.185451795539311e-11,9.13566917181015,6.997443750500679
404,405,4.7293721456426185e-11,9.15943157672882,7.002907939255238
405,406,4.5474731836039894e-11,9.175709217786789,7.012221239507198
406,407,3.2741807312261506e-11,9.19073473662138,7.007636591792107
407,408,3.092281801713587e-11,9.202556565403938,7.011033907532692
408,409,2.9103828722010228e-11,9.213285401463509,7.0134763941168785
409,410,2.5465850023338732e-11,9.220143720507622,7.020283170044422
410,411,2.752737133290134e-11,9.228757932782173,7.021847561001778
411,412,2.801243343189541e-10,9.227562673389912,7.036676310002804
412,413,6.94853908135909e-10,9.107884414494038,7.112075254321098
413,414,1.055013786836062e-10,9.144801139831543,6.994080573320389
414,415,5.456967863692874e-11,9.173344567418098,6.9995677918195724
415,416,4.18367537878897e-11,9.195169143378735,7.012764751911163
416,417,4.547473237814098e-11,9.207653991878033,7.005325376987457
417,418,5.0931700046677464e-11,9.214077472686768,7.014371119439602
418,419,6.912159299793386e-11,9.206268168985844,7.004290327429771
419,420,2.4374455307851067e-10,9.164667971432209,7.033882208168507
420,421,3.819877487237777e-11,9.188835747539997,7.024648755788803
421,422,4.1836753679469485e-11,9.213358335196972,7.014643013477325
422,423,9.458744269601194e-11,9.20267216861248,7.011574633419514
423,424,5.8207657444020455e-11,9.194392278790474,6.999703288078308
424,425,6.39071564764726e-11,9.204226948320866,7.010496765375137
425,426,6.184563592585152e-11,9.201656207442284,7.0039908066391945
426,427,3.637978568567235e-11,9.217963382601738,7.0138514786958694
427,428,2.364686083663331e-11,9.238863050937653,7.020612947642803
428,429,2.1827871433087453e-11,9.250253982841969,7.0410750061273575
429,430,1.6370903656130753e-11,9.262487195432186,7.044574439525604
430,431,1.8189892842836175e-11,9.273078322410583,7.059871643781662
431,432,4.620232586273476e-10,9.251931883394718,7.184752255678177
432,433,1.4733812965257026e-10,9.150821030139923,7.050750374794006
433,434,5.093169950457638e-11,9.191075205802917,7.019651919603348
434,435,2.5465850023338732e-11,9.225565798580647,7.014175772666931
435,436,1.6370903547710536e-11,9.244643837213516,7.022487819194794
436,437,2.1827871433087453e-11,9.256678894162178,7.035460866987705
437,438,1.4551914361005114e-11,9.265529349446297,7.03579717874527
438,439,1.8189892951256392e-11,9.274656273424625,7.034169115126133
439,440,1.4551914361005114e-11,9.281955786049366,7.051505491137505
440,441,1.4551914361005114e-11,9.291600316762924,7.049150392413139
441,442,1.0913935770753835e-11,9.299039155244827,7.070353835821152
442,443,9.094946475628196e-12,9.309186033904552,7.065583907067776
443,444,9.094946475628196e-12,9.31649348884821,7.08027283847332
444,445,9.094946475628196e-12,9.325277112424374,7.076525449752808
445,446,9.094946367207979e-12,9.32689754664898,7.129209652543068
446,447,1.0913935770753835e-11,9.330869734287262,7.097967229783535
447,448,1.0913935770753835e-11,9.328723222017288,7.078297354280949
448,449,1.0913935662333618e-11,9.32389721274376,7.09051476418972
449,450,9.094946367207979e-12,9.328989669680595,7.097057573497295
450,451,1.0913935770753835e-11,9.336371041834354,7.0857270285487175
451,452,1.0913935770753835e-11,9.339256465435028,7.0817673578858376
452,453,1.0913935770753835e-11,9.338506028056145,7.083912931382656
453,454,1.6370903547710536e-11,9.334007486701012,7.0837448835372925
454,455,2.3646860728213093e-11,9.32584049552679,7.055513061583042
455,456,8.731148486498808e-10,9.24525997042656,7.119641162455082
456,457,1.036823889547997e-10,9.20380837470293,7.004793517291546
457,458,3.4560796607387145e-11,9.240414790809155,7.0030442625284195
458,459,2.5465850023338732e-11,9.268029868602753,7.012381099164486
459,460,2.9103828505169793e-11,9.28532113134861,7.021001502871513
460,461,2.1827871433087453e-11,9.298949487507343,7.026229411363602
461,462,2.57083820377757e-11,9.307301118969917,7.024917274713516
462,463,2.5465849914918515e-11,9.305782362818718,7.032075077295303
463,464,2.5465850023338732e-11,9.308685809373856,7.037151604890823
464,465,2.7284838884783502e-11,9.308779880404472,7.051525950431824
465,466,3.8198774763957555e-11,9.305397495627403,7.040216654539108
466,467,1.1264394001982495e-09,9.258015811443329,7.189123511314392
467,468,2.2737365766231643e-10,9.182275876402855,7.014427982270718
468,469,1.8189892951256392e-11,9.223373778164387,7.008791163563728
469,470,1.4551914361005114e-11,9.25910596549511,7.0213009268045425
470,471,1.4551914361005114e-11,9.286793120205402,7.0217554718256
471,472,1.8189892734415958e-11,9.301362559199333,7.050248458981514
472,473,1.2732925065879475e-11,9.31450267881155,7.047825023531914
473,474,1.0913935662333618e-11,9.325336508452892,7.064546450972557
474,475,1.0913935770753835e-11,9.33621720969677,7.060768462717533
475,476,9.094946475628196e-12,9.346294350922108,7.07350093126297
476,477,9.094946475628196e-12,9.355137325823307,7.074785202741623
477,478,7.275957180502557e-12,9.362501941621304,7.08193776756525
478,479,9.094946475628196e-12,9.36866445839405,7.0833316296339035
479,480,1.2732925065879475e-11,9.367968492209911,7.069538749754429
480,481,1.6370903656130753e-11,9.360064215958118,7.061292588710785
481,482,3.637978525199148e-11,9.34940380603075,7.046258874237537
482,483,4.274624671157107e-10,9.252874672412872,7.047903411090374
483,484,1.000444089550856e-10,9.243087843060493,7.030525356531143
484,485,4.5474732161300546e-11,9.27199961990118,7.007409155368805
485,486,4.001776416750341e-11,9.291821382939816,7.026245824992657
486,487,2.5465850023338732e-11,9.310932457447052,7.0226826667785645
487,488,2.3646860728213093e-11,9.32790406793356,7.026118963956833
488,489,1.8189892951256392e-11,9.343447893857956,7.029656082391739
489,490,1.4551914252584897e-11,9.355328440666199,7.049931585788727
490,491,1.8189892951256392e-11,9.364662818610668,7.04044608771801
491,492,1.8189892951256392e-11,9.369018636643887,7.042980454862118
492,493,1.6370903656130753e-11,9.372470013797283,7.038856387138367
493,494,2.7284839210044154e-11,9.367643758654594,7.037710450589657
494,495,1.2187227900039427e-09,9.318975396454334,7.317187547683716
495,496,2.4374455362061176e-10,9.255687817931175,7.107265517115593
496,497,9.094946367207979e-12,9.261363364756107,7.11963552236557
497,498,1.2732925065879475e-11,9.307150147855282,7.023844592273235
498,499,9.094946475628196e-12,9.339469708502293,7.03244948387146
499,500,9.094946475628196e-12,9.363268062472343,7.040313214063644
500,501,9.094946475628196e-12,9.380771473050117,7.051154211163521
501,502,9.094946367207979e-12,9.391897030174732,7.093967571854591
502,503,5.456967885376918e-12,9.405556328594685,7.07501757889986
503,504,5.456967885376918e-12,9.413494773209095,7.0855239778757095
504,505,7.275957180502557e-12,9.410927779972553,7.198568150401115
505,506,9.094946475628196e-12,9.426864996552467,7.0922795459628105
506,507,3.6379785902512785e-12,9.43040705472231,7.1243714317679405
507,508,5.456967885376918e-12,9.434339374303818,7.136923998594284
508,509,7.275957180502557e-12,9.439401097595692,7.10150370746851
509,510,9.094946150367544e-12,9.42250981926918,7.286272116005421
510,511,5.456967885376918e-12,9.435423254966736,7.116754300892353
511,512,7.275957180502557e-12,9.435265257954597,7.110230542719364
512,513,7.275957180502557e-12,9.440008357167244,7.0877495259046555
513,514,7.275957180502557e-12,9.441949889063835,7.1112979501485825
514,515,9.094946475628196e-12,9.443429082632065,7.0900721698999405
515,516,1.0913935770753835e-11,9.441642709076405,7.08561210334301
516,517,1.0913935662333618e-11,9.434904634952545,7.094266436994076
517,518,1.6370903656130753e-11,9.431599400937557,7.055636011064053
518,519,4.001776449276406e-11,9.41019882261753,7.035951256752014
519,520,3.8926368487075813e-10,9.31215463578701,7.106524519622326
520,521,5.093169982983703e-11,9.324367128312588,7.012772306799889
521,522,3.2741807312261506e-11,9.354105912148952,7.011969484388828
522,523,2.728483931846437e-11,9.37406875193119,7.025215640664101
523,524,2.9103828722010228e-11,9.38554559648037,7.024501152336597
524,525,2.1827871433087453e-11,9.394813045859337,7.027924068272114
525,526,2.546585013175895e-11,9.400012254714966,7.036321975290775
526,527,2.364686083663331e-11,9.407069586217403,7.02287320047617
527,528,1.8189892842836175e-11,9.41347598284483,7.028660446405411
528,529,2.2070403447524423e-11,9.420898534357548,7.026547901332378
529,530,1.0259099588729934e-09,9.35067531466484,7.437721468508244
530,531,1.7826094517604113e-10,9.31007856875658,7.0566132962703705
531,532,2.000888224638203e-11,9.33673920482397,7.010501988232136
532,533,1.479444615860165e-11,9.370532229542732,7.033787898719311
533,534,9.094946475628196e-12,9.39435113221407,7.035523377358913
534,535,1.0913935662333618e-11,9.411783337593079,7.05270791053772
535,536,7.275957180502557e-12,9.42786630988121,7.0548038855195045
536,537,7.275957180502557e-12,9.44247317314148,7.067919380962849
537,538,5.456967885376918e-12,9.45655381679535,7.065089039504528
538,539,5.456967885376918e-12,9.466309264302254,7.081703715026379
539,540,5.456967885376918e-12,9.475496284663677,7.082810111343861
540,541,5.456967885376918e-12,9.480382569134235,7.102704644203186
541,542,7.275957180502557e-12,9.480361893773079,7.098487101495266
542,543,1.8917488669306648e-11,9.480710744857788,7.08508675545454
543,544,0.0,9.46243953704834,7.316096693277359
544,545,5.456967885376918e-12,9.482783451676369,7.096038863062859
545,546,9.094946475628196e-12,9.479367882013321,7.151010349392891
546,547,9.094946475628196e-12,9.486100941896439,7.081362351775169
547,548,9.094946367207979e-12,9.487337052822113,7.119232028722763
548,549,9.094946475628196e-12,9.493339642882347,7.07787013053894
549,550,1.3217988877912978e-11,9.494265422224998,7.079764924943447
550,551,1.8189892951256392e-12,9.490696273744106,7.143038764595985
551,552,1.0913935770753835e-11,9.495892979204655,7.0689999014139175
552,553,1.4551914361005114e-11,9.491674534976482,7.059965163469315
553,554,1.2732925065879475e-11,9.490267962217331,7.050563417375088
554,555,3.844130688681474e-11,9.475304268300533,7.038167372345924
555,556,5.966284622382564e-10,9.352183148264885,7.338807500898838
556,557,6.912159278109342e-11,9.362049490213394,7.013250820338726
557,558,4.001776427592363e-11,9.38572258502245,7.013634197413921
558,559,2.546585013175895e-11,9.407678782939911,7.0166337341070175
559,560,2.1827871324667236e-11,9.426126413047314,7.024490602314472
560,561,1.2732925065879475e-11,9.443312592804432,7.035623274743557
561,562,1.2732925065879475e-11,9.459561102092266,7.026591919362545
562,563,7.275957180502557e-12,9.472106114029884,7.036594182252884
563,564,1.4551914252584897e-11,9.482066363096237,7.048915475606918
564,565,3.6379785902512785e-12,9.491148814558983,7.071682006120682
565,566,5.456967885376918e-12,9.504147477447987,7.057489238679409
566,567,5.456967885376918e-12,9.514714181423187,7.059324964880943
567,568,9.094946475628196e-12,9.52019239962101,7.083588816225529
568,569,3.6379785902512785e-12,9.524546571075916,7.1105397790670395
569,570,5.456967885376918e-12,9.530946783721447,7.104788079857826
570,571,5.456967885376918e-12,9.538124158978462,7.092053510248661
571,572,9.094946475628196e-12,9.537156954407692,7.079036734998226
572,573,1.0913935770753835e-11,9.526695400476456,7.073413081467152
573,574,1.2732924957459257e-11,9.523251511156559,7.101386107504368
574,575,1.8189892842836175e-11,9.517817869782448,7.058651149272919
575,576,1.2732925065879475e-11,9.510086879134178,7.059078402817249
576,577,7.007959094756586e-10,9.435119733214378,7.1472964733839035
577,578,1.2005329206882936e-10,9.369604386389256,7.005862921476364
578,579,5.63886680404746e-11,9.391673259437084,7.002330645918846
579,580,3.274180720384129e-11,9.412623323500156,7.002741269767284
580,581,2.728483931846437e-11,9.429471112787724,7.036779023706913
581,582,1.6370903656130753e-11,9.448121525347233,7.010219052433968
582,583,1.2732925065879475e-11,9.464242704212666,7.012145847082138
583,584,1.4551914361005114e-11,9.477939486503601,7.029020264744759
584,585,1.2732925065879475e-11,9.488397732377052,7.027011513710022
585,586,1.2732925065879475e-11,9.497600443661213,7.035928420722485
586,587,9.094946475628196e-12,9.506615467369556,7.025878615677357
587,588,1.0913935662333618e-11,9.513356558978558,7.046992562711239
588,589,1.2732924957459257e-11,9.519459210336208,7.062841393053532
589,590,9.094946475628196e-12,9.524680472910404,7.049751177430153
590,591,7.275957180502557e-12,9.529816061258316,7.06027901917696
591,592,7.275957180502557e-12,9.537787519395351,7.0510273873806
592,593,7.275957180502557e-12,9.54310442507267,7.047769919037819
593,594,9.094946475628196e-12,9.5470802038908,7.05323988199234
594,595,7.275957180502557e-12,9.550569050014019,7.068013980984688
595,596,5.456967885376918e-12,9.555887147784233,7.06299564987421
596,597,5.456967885376918e-12,9.561434954404831,7.068142741918564
597,598,5.456967885376918e-12,9.566668041050434,7.070685178041458
598,599,5.456967885376918e-12,9.571627661585808,7.079470373690128
599,600,3.6379785902512785e-12,9.576246574521065,7.085070066154003
600,601,5.456967885376918e-12,9.57935318350792,7.079037472605705
601,602,5.456967885376918e-12,9.5813197940588,7.087211094796658
602,603,5.456967885376918e-12,9.584946870803833,7.088748477399349
603,604,5.456967885376918e-12,9.588677264750004,7.085584349930286
604,605,5.456967885376918e-12,9.589686468243599,7.085055634379387
605,606,5.456967885376918e-12,9.589809514582157,7.1107010170817375
606,607,9.094946367207979e-12,9.590495847165585,7.122148908674717
607,608,1.8189892951256392e-12,9.589744783937931,7.153125137090683
608,609,5.020410445873147e-10,9.575967319309711,7.17300882935524
609,610,8.622008874003759e-10,9.395948089659214,7.2991185784339905
610,611,2.1827871433087453e-11,9.411574326455593,7.027577497065067
611,612,1.4551914361005114e-11,9.4320577532053,7.015867739915848
612,613,1.0913935770753835e-11,9.450510248541832,7.02098573744297
613,614,9.094946475628196e-12,9.466843731701374,7.024740055203438
614,615,1.0913935770753835e-11,9.481439590454102,7.027310259640217
615,616,1.2732925065879475e-11,9.494019374251366,7.018223412334919
616,617,1.2732924957459257e-11,9.504595071077347,7.038101404905319
617,618,9.094946367207979e-12,9.514915682375431,7.0443184450268745
618,619,7.275957180502557e-12,9.524990729987621,7.0370046347379684
619,620,1.4551914361005114e-11,9.534385688602924,7.038627460598946
620,621,5.456967885376918e-12,9.5403451025486,7.073013827204704
621,622,1.2732924957459257e-11,9.544457860291004,7.056431196630001
622,623,1.0913935770753835e-11,9.548786833882332,7.043600790202618
623,624,2.000888224638203e-11,9.550124377012253,7.044887915253639
624,625,3.2741806987000854e-11,9.54449163377285,7.034842021763325
625,626,2.910382861359001e-11,9.534602008759975,7.025909289717674
626,627,1.190831654205443e-10,9.530087903141975,7.022295042872429
627,628,4.1836752996422116e-10,9.399732679128647,7.200206249952316
628,629,2.546585013175895e-11,9.429886594414711,7.013291396200657
629,630,1.0913935662333618e-11,9.459197476506233,7.021726220846176
630,631,1.2732925065879475e-11,9.484439469873905,7.020383827388287
631,632,1.0913935770753835e-11,9.504593074321747,7.021492876112461
632,633,1.4551914361005114e-11,9.519811198115349,7.073516696691513
633,634,5.456967885376918e-12,9.534331738948822,7.063309609889984
634,635,7.275957180502557e-12,9.548360854387283,7.038827486336231
635,636,7.275957180502557e-12,9.558748319745064,7.050981894135475
636,637,7.275957180502557e-12,9.567390494048595,7.063484139740467
637,638,9.094946367207979e-12,9.573900565505028,7.085156664252281
638,639,7.275957180502557e-12,9.579778835177422,7.074942901730537
639,640,7.275957180502557e-12,9.586186103522778,7.085152842104435
640,641,3.6379785902512785e-12,9.594135984778404,7.077061876654625
641,642,7.275957180502557e-12,9.598285160958767,7.099401295185089
642,643,7.275957180502557e-12,9.601754993200302,7.073156304657459
643,644,5.456967885376918e-12,9.60194557160139,7.07010281085968
644,645,7.275957180502557e-12,9.605856008827686,7.080071575939655
645,646,3.6379785902512785e-12,9.61167787015438,7.087207183241844
646,647,3.6379785902512785e-12,9.61870402097702,7.0812074318528175
647,648,5.456967885376918e-12,9.62161335349083,7.1382324025034904
648,649,3.6379785902512785e-12,9.628263808786869,7.096549369394779
649,650,7.275957180502557e-12,9.628323875367641,7.115085810422897
650,651,6.948538859097644e-10,9.44178643077612,7.55016927421093
651,652,4.5474732161300546e-11,9.460664995014668,7.025579065084457
652,653,2.364686083663331e-11,9.486490741372108,7.055292449891567
653,654,1.2732925065879475e-11,9.506118759512901,7.019006177783012
654,655,9.094946475628196e-12,9.525612831115723,7.028384640812874
655,656,1.0913935770753835e-11,9.54143487662077,7.042676314711571
656,657,1.2732925065879475e-11,9.551772154867649,7.0460429936647415
657,658,1.0913935770753835e-11,9.562799252569675,7.036203570663929
658,659,9.094946475628196e-12,9.571493327617645,7.0506840497255325
659,660,9.094946475628196e-12,9.580047585070133,7.042733907699585
660,661,7.275957180502557e-12,9.58777143061161,7.049704857170582
661,662,1.6613435562147505e-11,9.587099187076092,7.055826418101788
662,663,9.094946475628196e-12,9.586035139858723,7.057236202061176
663,664,1.2732925065879475e-11,9.588700987398624,7.039666973054409
664,665,9.094946475628196e-12,9.589851401746273,7.039068855345249
665,666,1.0913935770753835e-11,9.590027436614037,7.088299684226513
666,667,9.094946475628196e-12,9.59663674235344,7.0502689853310585
667,668,9.094946475628196e-12,9.60186792165041,7.058981157839298
668,669,7.275957180502557e-12,9.60660295933485,7.050375886261463
669,670,9.094946475628196e-12,9.611041635274887,7.0675105676054955
670,671,9.094946475628196e-12,9.613599859178066,7.059502124786377
671,672,7.275957180502557e-12,9.615727059543133,7.069671027362347
672,673,9.094946475628196e-12,9.619125783443451,7.054360546171665
673,674,9.094946475628196e-12,9.618864625692368,7.072401233017445
674,675,9.094946367207979e-12,9.62011183053255,7.099492408335209
675,676,3.6379785902512785e-12,9.624734185636044,7.077866517007351
676,677,7.275957180502557e-12,9.630967684090137,7.069334402680397
677,678,7.27595707208234e-12,9.630805529654026,7.118439853191376
678,679,9.094946475628196e-12,9.634970165789127,7.063181094825268
679,680,1.0913935662333618e-11,9.62770490348339,7.075076773762703
680,681,1.4551914252584897e-11,9.626224875450134,7.042595416307449
681,682,5.456967885376918e-12,9.624999284744263,7.0689050778746605
682,683,1.6370903656130753e-11,9.624588638544083,7.055915042757988
683,684,9.640642922642204e-10,9.496361747384071,7.433872222900391
684,685,1.4551914361005114e-11,9.486222982406616,7.036070883274078
685,686,7.275957180502557e-12,9.515140324831009,7.033512398600578
686,687,3.6379785902512785e-12,9.54066589474678,7.046046562492847
687,688,3.6379785902512785e-12,9.561926260590553,7.052082605659962
688,689,3.6379785902512785e-12,9.581710740923882,7.044911213219166
689,690,3.6379785902512785e-12,9.59744568914175,7.05623733997345
690,691,3.6379785902512785e-12,9.609210573136806,7.090218886733055
691,692,3.6379785902512785e-12,9.619894698262215,7.112518340349197
692,693,3.6379785902512785e-12,9.631672732532024,7.09156209975481
693,694,3.6379785902512785e-12,9.640665732324123,7.084563829004765
694,695,5.456967885376918e-12,9.645141549408436,7.126702174544334
695,696,5.4569677769567004e-12,9.64415504783392,7.168232701718807
696,697,5.456967885376918e-12,9.648422539234161,7.098215460777283
697,698,7.275957180502557e-12,9.64449005573988,7.104190029203892
698,699,1.0913935770753835e-11,9.637720696628094,7.1282822117209435
699,700,9.094946475628196e-12,9.634300909936428,7.061658509075642
700,701,1.8189892842836175e-11,9.626055411994457,7.060388155281544
701,702,1.8432424857273144e-11,9.618209265172482,7.049382328987122
702,703,1.6370903656130753e-11,9.612216554582119,7.049290992319584
703,704,1.2732924957459257e-11,9.611772775650024,7.058633767068386
704,705,1.0913935770753835e-11,9.618478953838348,7.044561758637428
705,706,9.094946475628196e-12,9.625114023685455,7.0463887974619865
706,707,1.0913935770753835e-11,9.629577025771141,7.050248920917511
707,708,1.0913935662333618e-11,9.63231959939003,7.066052518785
708,709,1.0913935770753835e-11,9.634958177804947,7.048036441206932
709,710,9.094946475628196e-12,9.638092637062073,7.048758454620838
710,711,7.275957180502557e-12,9.642206855118275,7.0693817883729935
711,712,9.094946475628196e-12,9.64269419759512,7.147809989750385
712,713,5.456967885376918e-12,9.653885744512081,7.057601362466812
713,714,1.0913935662333618e-11,9.65355422347784,7.080810233950615
714,715,5.456967885376918e-12,9.654628925025463,7.0745182782411575
715,716,1.2732925065879475e-11,9.65261147171259,7.103776514530182
716,717,1.0913935770753835e-11,9.650260619819164,7.07168447971344
717,718,1.2296367417124685e-09,9.556429587304592,7.572076112031937
718,719,2.910382861359001e-11,9.479595057666302,7.072364307940006
719,720,3.6379785902512785e-12,9.507914923131466,7.044639348983765
720,721,1.0913935770753835e-11,9.532673299312592,7.059889391064644
721,722,0.0,9.554172568023205,7.163497649133205
722,723,1.8189892951256392e-12,9.575277879834175,7.071926482021809
723,724,1.8189892951256392e-12,9.594090342521667,7.050274685025215
724,725,5.456967885376918e-12,9.609719149768353,7.0639839842915535
725,726,0.0,9.623298458755016,7.105594925582409
726,727,3.6379785902512785e-12,9.636695861816406,7.0689864084124565
727,728,1.8189892951256392e-12,9.64770945161581,7.072643920779228
728,729,3.6379785902512785e-12,9.656531617045403,7.0866658091545105
729,730,3.6379785902512785e-12,9.663071870803833,7.090892672538757
730,731,1.8189892951256392e-12,9.66967236995697,7.113968059420586
731,732,1.8189892951256392e-12,9.678054429590702,7.099592141807079
732,733,3.6379785902512785e-12,9.684762492775917,7.125813707709312
733,734,1.8189892951256392e-12,9.690428525209427,7.156792461872101
734,735,1.8189892951256392e-12,9.696339555084705,7.154309377074242
735,736,1.8189892951256392e-12,9.700987465679646,7.156219333410263
736,737,5.6994997913936696e-12,9.705236367881298,7.148709021508694
737,738,0.0,9.699620701372623,7.311472117900848
738,739,5.456967885376918e-12,9.704420670866966,7.196845263242722
739,740,5.456967885376918e-12,9.701675042510033,7.1662886291742325
740,741,1.8189892951256392e-12,9.696496739983559,7.174527138471603
741,742,7.27595707208234e-12,9.689426213502884,7.19094193726778
742,743,1.6370903656130753e-11,9.680299043655396,7.102939397096634
743,744,1.8189892842836175e-11,9.657184064388275,7.070923268795013
744,745,1.6370903547710536e-11,9.650272287428379,7.062234923243523
745,746,1.6370903656130753e-11,9.648032240569592,7.05240997672081
746,747,2.3646860728213093e-11,9.644319251179695,7.045459434390068
747,748,1.7280397739908443e-10,9.585326366126537,7.168900050222874
748,749,2.5465850023338732e-11,9.569908410310745,7.027343399822712
749,750,2.000888224638203e-11,9.58907175809145,7.025592289865017
750,751,1.2732925065879475e-11,9.606644086539745,7.029709130525589
751,752,1.479444615860165e-11,9.621826976537704,7.045288592576981
752,753,9.094946475628196e-12,9.633706085383892,7.083698987960815
753,754,9.094946475628196e-12,9.645880684256554,7.056770786643028
754,755,7.275957180502557e-12,9.65646544098854,7.043877944350243
755,756,7.275957180502557e-12,9.666513323783875,7.044330924749374
756,757,5.456967885376918e-12,9.674623608589172,7.042302556335926
757,758,7.275957180502557e-12,9.681705571711063,7.0482127740979195
758,759,9.094946475628196e-12,9.684374369680882,7.05717920511961
759,760,3.6379785902512785e-12,9.688741035759449,7.077244825661182
760,761,5.456967885376918e-12,9.69501368701458,7.0634932443499565
761,762,5.456967885376918e-12,9.696504920721054,7.086744748055935
762,763,5.4569677769567004e-12,9.697539031505585,7.143826216459274
763,764,5.456967885376918e-12,9.707848876714706,7.066067896783352
764,765,5.456967885376918e-12,9.709308072924614,7.074625425040722
765,766,3.6379785902512785e-12,9.712994374334812,7.074447728693485
766,767,5.456967885376918e-12,9.717188395559788,7.07621593028307
767,768,3.6379785902512785e-12,9.721737794578075,7.082585692405701
768,769,3.6379785902512785e-12,9.727496199309826,7.083152495324612
769,770,3.6379785902512785e-12,9.732075311243534,7.0966354459524155
770,771,3.6379785902512785e-12,9.7339576035738,7.100726403295994
771,772,5.456967885376918e-12,9.734353333711624,7.114864349365234
772,773,1.8189892951256392e-12,9.736968010663986,7.138809747993946
773,774,3.6379785902512785e-12,9.741607524454594,7.103200271725655
774,775,3.6379785902512785e-12,9.742779485881329,7.095545031130314
775,776,7.275957180502557e-12,9.738219119608402,7.143490873277187
776,777,5.456967885376918e-12,9.732784479856491,7.110601231455803
777,778,1.0913935770753835e-11,9.72357852756977,7.149690017104149
778,779,9.094946475628196e-12,9.71968986839056,7.103606604039669
779,780,7.676134664968276e-10,9.68069314211607,7.375092022120953
780,781,2.910382784380647e-10,9.556574121117592,7.464864619076252
781,782,1.8189892951256392e-11,9.55781276524067,7.115723632276058
782,783,1.0913935770753835e-11,9.578901968896389,7.035847216844559
783,784,1.4551914361005114e-11,9.598313122987747,7.02986528724432
784,785,3.6379785902512785e-12,9.615035690367222,7.078777603805065
785,786,5.456967885376918e-12,9.631354674696922,7.0311713218688965
786,787,5.456967885376918e-12,9.645408406853676,7.024963021278381
787,788,7.275957180502557e-12,9.655411295592785,7.045512862503529
788,789,7.275957180502557e-12,9.666756689548492,7.030075944960117
789,790,1.8189892951256392e-12,9.676516458392143,7.061676435172558
790,791,5.456967885376918e-12,9.6875641644001,7.048103593289852
791,792,1.8189892951256392e-12,9.69692125171423,7.069674693048
792,793,3.6379785902512785e-12,9.705175526440144,7.072872258722782
793,794,3.6379785902512785e-12,9.713876478374004,7.062186852097511
794,795,3.6379785902512785e-12,9.72100530564785,7.0639491230249405
795,796,1.8189892951256392e-12,9.726203776896,7.077612452208996
796,797,3.6379785902512785e-12,9.731594510376453,7.096961207687855
797,798,1.8189892951256392e-12,9.73768024891615,7.086559794843197
798,799,3.6379785902512785e-12,9.742128789424896,7.088498517870903
799,800,1.8189892951256392e-12,9.747148893773556,7.103318780660629
800,801,1.8189892951256392e-12,9.751441739499569,7.123803466558456
801,802,1.8189892951256392e-12,9.755810782313347,7.136099278926849
802,803,1.8189892951256392e-12,9.761540226638317,7.133269518613815
803,804,1.8189892951256392e-12,9.766515865921974,7.139693781733513
804,805,1.8189892951256392e-12,9.77225524932146,7.137047432363033
805,806,0.0,9.774824373424053,7.17622746527195
806,807,1.8189892951256392e-12,9.777105614542961,7.195394158363342
807,808,1.8189892951256392e-12,9.780029326677322,7.191633462905884
808,809,5.456967885376918e-12,9.780988119542599,7.177386432886124
809,810,0.0,9.773362286388874,7.235222868621349
810,811,7.27595707208234e-12,9.760814972221851,7.200614556670189
811,812,1.2732925065879475e-11,9.747462883591652,7.100699447095394
812,813,1.8189892842836175e-11,9.726574905216694,7.076865464448929
813,814,2.8012434201678954e-10,9.676554292440414,7.367934167385101
814,815,6.281576333307809e-11,9.586526572704315,7.151454359292984
815,816,2.1827871433087453e-11,9.606262445449829,7.062251403927803
816,817,1.6370903656130753e-11,9.625522792339325,7.030493378639221
817,818,1.2732925065879475e-11,9.643788874149323,7.0325087532401085
818,819,1.2732924957459257e-11,9.659233465790749,7.056114085018635
819,820,3.6379785902512785e-12,9.674616247415543,7.046220153570175
820,821,7.275957180502557e-12,9.688490338623524,7.048071913421154
821,822,7.275957180502557e-12,9.700347259640694,7.039166912436485
822,823,7.275957180502557e-12,9.708994626998901,7.046487502753735
823,824,7.275957180502557e-12,9.714413814246655,7.043351612985134
824,825,9.094946475628196e-12,9.71879804879427,7.04386281222105
825,826,5.456967885376918e-12,9.722699500620365,7.062390670180321
826,827,5.456967885376918e-12,9.729184791445732,7.078577123582363
827,828,7.275957180502557e-12,9.734484307467937,7.086138524115086
828,829,7.275957180502557e-12,9.736297085881233,7.073414467275143
829,830,7.275957180502557e-12,9.736209936439991,7.075805239379406
830,831,7.275957180502557e-12,9.739349007606506,7.051167018711567
831,832,5.456967885376918e-12,9.742320500314236,7.06081073731184
832,833,5.456967885376918e-12,9.745919778943062,7.059458054602146
833,834,7.275957180502557e-12,9.748149074614048,7.081629417836666
834,835,1.8189892951256392e-12,9.752405777573586,7.090369053184986
835,836,5.456967885376918e-12,9.757370077073574,7.1021516770124435
836,837,3.6379785902512785e-12,9.764706306159496,7.082115530967712
837,838,1.8189892951256392e-12,9.76966680586338,7.085308022797108
838,839,3.6379785902512785e-12,9.773444838821888,7.1025684624910355
839,840,3.6379785902512785e-12,9.777987971901894,7.100325137376785
840,841,1.8189892951256392e-12,9.781389072537422,7.114399991929531
841,842,3.6379785902512785e-12,9.781105287373066,7.190866187214851
842,843,3.6379785902512785e-12,9.78859407454729,7.112106882035732
843,844,1.8189892951256392e-12,9.789527676999569,7.125243775546551
844,845,3.6379785902512785e-12,9.791987493634224,7.1156675815582275
845,846,1.0855728042836674e-09,9.750400006771088,7.362362824380398
846,847,4.984030663223241e-10,9.59559965878725,7.365198522806168
847,848,7.275957180502557e-12,9.600909598171711,7.049470961093903
848,849,5.456967885376918e-12,9.614463411271572,7.040794000029564
849,850,3.6379785902512785e-12,9.628015451133251,7.0412237495183945
850,851,5.456967885376918e-12,9.641038939356804,7.045531049370766
851,852,7.275957180502557e-12,9.651952408254147,7.047217845916748
852,853,9.094946475628196e-12,9.661005966365337,7.056238904595375
853,854,1.2732924957459257e-11,9.668056659400463,7.075961053371429
854,855,5.456967885376918e-12,9.67615369707346,7.063897676765919
855,856,3.6379785902512785e-12,9.68641385436058,7.0416838228702545
856,857,5.456967885376918e-12,9.695556081831455,7.084103919565678
857,858,3.6379785902512785e-12,9.705957628786564,7.058012381196022
858,859,3.6379785902512785e-12,9.715012796223164,7.054358936846256
859,860,1.8189892951256392e-12,9.723812118172646,7.0603669583797455
860,861,3.6379785902512785e-12,9.731764480471611,7.061787731945515
861,862,7.275957180502557e-12,9.736511468887329,7.079364240169525
862,863,3.6379785902512785e-12,9.740245170891285,7.086604587733746
863,864,5.456967885376918e-12,9.74119357764721,7.097165003418922
864,865,5.456967885376918e-12,9.743490599095821,7.086252383887768
865,866,7.27595707208234e-12,9.742263376712799,7.140170134603977
866,867,5.456967885376918e-12,9.745547197759151,7.078444391489029
867,868,1.2732924957459257e-11,9.743267223238945,7.110263295471668
868,869,1.0913935770753835e-11,9.737261429429054,7.061476267874241
869,870,1.0913935770753835e-11,9.736575059592724,7.041997767984867
870,871,2.0008882029541597e-11,9.726209312677383,7.059432975947857
871,872,2.9103828722010228e-11,9.716181837022305,7.031718894839287
872,873,6.002664608862479e-11,9.69463724642992,7.042668029665947
873,874,8.367350584105593e-11,9.6615926399827,7.108527034521103
874,875,2.728483942688459e-11,9.664925813674927,7.043961971998215
875,876,1.6370903656130753e-11,9.676689706742764,7.070231072604656
876,877,9.094946367207979e-12,9.690046533942223,7.0706885904073715
877,878,1.0913935770753835e-11,9.702302902936935,7.047828406095505
878,879,7.275957180502557e-12,9.713469378650188,7.058353342115879
879,880,7.27595707208234e-12,9.7238102927804,7.096978195011616
880,881,3.6379785902512785e-12,9.735340386629105,7.088721580803394
881,882,7.275957180502557e-12,9.741106361150742,7.09473667293787
882,883,7.275957180502557e-12,9.747093945741653,7.072658821940422
883,884,5.456967885376918e-12,9.75013192743063,7.077708795666695
884,885,9.094946475628196e-12,9.750894419848919,7.080954164266586
885,886,5.456967885376918e-12,9.75296926498413,7.079411402344704
886,887,5.456967885376918e-12,9.757824957370758,7.101497411727905
887,888,3.6379785902512785e-12,9.766587980091572,7.076090946793556
888,889,5.456967885376918e-12,9.771514773368835,7.121142253279686
889,890,3.6379785902512785e-12,9.778323248028755,7.089135363698006
890,891,7.275957180502557e-12,9.778076000511646,7.076741807162762
891,892,7.27595707208234e-12,9.772463880479336,7.148855186998844
892,893,9.094946367207979e-12,9.769440203905106,7.135522320866585
893,894,5.456967885376918e-12,9.771188341081142,7.1091930866241455
894,895,3.6379785902512785e-12,9.775434963405132,7.086621478199959
895,896,7.275957180502557e-12,9.779735557734966,7.076314881443977
896,897,1.2732924957459257e-11,9.770063929259777,7.096773207187653
897,898,7.403286271783632e-10,9.70303250104189,7.431479647755623
898,899,6.002664598020457e-11,9.60221116989851,7.06474857032299
899,900,9.094946475628196e-12,9.62855539470911,7.04893209785223
900,901,3.6379785902512785e-12,9.651831693947315,7.079048819839954
901,902,5.4569677769567004e-12,9.672623954713345,7.120797634124756
902,903,0.0,9.692018628120422,7.102831043303013
903,904,3.6379785902512785e-12,9.708933539688587,7.055170364677906
904,905,3.6379785902512785e-12,9.723657824099064,7.061744950711727
905,906,9.5800102876617e-12,9.737438581883907,7.05596973747015
906,907,0.0,9.740720629692078,7.373611368238926
907,908,0.0,9.75706896930933,7.243691265583038
908,909,0.0,9.772314496338367,7.104402109980583
909,910,3.6379785902512785e-12,9.781376048922539,7.097788408398628
910,911,1.8189892951256392e-12,9.788016617298126,7.128522828221321
911,912,1.8189892951256392e-12,9.796394243836403,7.106157884001732
912,913,1.8189892951256392e-12,9.802808485925198,7.122880719602108
913,914,1.8189892951256392e-12,9.809557549655437,7.1212607100605965
914,915,1.8189892951256392e-12,9.814234860241413,7.1371200904250145
915,916,1.8189892951256392e-12,9.817744486033916,7.156644769012928
916,917,1.8189892951256392e-12,9.821874395012856,7.1532997488975525
917,918,1.8189892951256392e-12,9.825116887688637,7.1632527858018875
918,919,1.8189892951256392e-12,9.82862351834774,7.1705214232206345
919,920,1.8189892951256392e-12,9.832985803484917,7.171085648238659
920,921,3.6379785902512785e-12,9.836196459829807,7.176552176475525
921,922,0.0,9.83035871386528,7.3653005585074425
922,923,1.8189892951256392e-12,9.84104599058628,7.198711536824703
923,924,1.8189892951256392e-12,9.84150904417038,7.1871598064899445
924,925,1.8189892951256392e-12,9.841755107045174,7.181905224919319
925,926,1.8189892951256392e-12,9.841164730489254,7.177852347493172
926,927,1.8189892951256392e-12,9.842960953712463,7.164301291108131
927,928,1.8189892951256392e-12,9.845186099410057,7.169659107923508
928,929,1.8189892951256392e-12,9.845471315085888,7.181966200470924
929,930,3.6379785902512785e-12,9.846945188939571,7.159686766564846
930,931,1.8189892951256392e-12,9.846815653145313,7.172518961131573
931,932,1.8189892951256392e-12,9.84779318422079,7.1730015873909
932,933,1.8189892951256392e-12,9.849033869802952,7.174332842230797
933,934,1.8189892951256392e-12,9.85090970993042,7.168003864586353
934,935,1.8189892951256392e-12,9.852309957146645,7.181672416627407
935,936,1.8189892951256392e-12,9.855107240378857,7.183271482586861
936,937,3.6379785902512785e-12,9.856964960694313,7.204988934099674
937,938,0.0,9.850992880761623,7.379616744816303
938,939,0.0,9.862420715391636,7.180125325918198
939,940,1.8189892951256392e-12,9.863384485244751,7.201767675578594
940,941,1.8189892951256392e-12,9.8641856610775,7.208717115223408
941,942,1.8189892951256392e-12,9.864279553294182,7.199313558638096
942,943,3.6379785902512785e-12,9.856925934553146,7.317215234041214
943,944,1.8189892951256392e-12,9.864060796797276,7.170113369822502
944,945,1.8189892951256392e-12,9.864946857094765,7.176901541650295
945,946,1.8189892951256392e-12,9.866279199719429,7.1782911494374275
946,947,3.6379785902512785e-12,9.864153228700161,7.258979260921478
947,948,0.0,9.862744897603989,7.344266541302204
948,949,1.8189892951256392e-12,9.872833579778671,7.187219254672527
949,950,1.8189892951256392e-12,9.873265117406845,7.195246987044811
950,951,1.8189892951256392e-12,9.87396913766861,7.189674191176891
951,952,1.8189892951256392e-12,9.874721184372902,7.183391816914082
952,953,1.8189892951256392e-12,9.875404544174671,7.178841784596443
953,954,1.8189892951256392e-12,9.874347239732742,7.185583226382732
954,955,1.8189892951256392e-12,9.872352987527847,7.159628629684448
955,956,3.6379785902512785e-12,9.869915425777435,7.144437670707703
956,957,5.456967885376918e-12,9.86264681071043,7.1591279953718185
957,958,5.456967885376918e-12,9.858410403132439,7.109039135277271
958,959,7.275957180502557e-12,9.847486801445484,7.1043775007128716
959,960,7.275957180502557e-12,9.83986597508192,7.06624099612236
960,961,8.863931662880103e-09,9.801123641431332,7.710074596107006
961,962,5.675487510731561e-09,9.317100636661053,7.3034704104065895
962,963,1.382431853453464e-10,9.267235457897186,7.001092843711376
963,964,1.2005329282777089e-10,9.250862814486027,6.997786872088909
964,965,1.6007105742895517e-10,9.25574653595686,6.995985567569733
965,966,1.4551914241742875e-10,9.272595658898354,6.999503061175346
966,967,9.276845383456717e-11,9.29387317597866,6.99865049123764
967,968,8.003552887710791e-11,9.313243292272091,6.999646939337254
968,969,3.819877487237777e-11,9.32860454171896,7.01159144192934
969,970,2.934636062802698e-11,9.347118377685547,7.001232124865055
970,971,2.1827871324667236e-11,9.364939481019974,7.012010805308819
971,972,2.3646860728213093e-11,9.382600829005241,7.006276369094849
972,973,1.6370903656130753e-11,9.400059685111046,7.008238308131695
973,974,2.182787154150767e-11,9.415930330753326,7.006484992802143
974,975,2.182787154150767e-11,9.430684886872768,7.007137089967728
975,976,2.3646860728213093e-11,9.444952376186848,7.0081015676259995
976,977,1.6370903656130753e-11,9.458820603787899,7.016041457653046
977,978,1.2732924957459257e-11,9.472456365823746,7.020888164639473
978,979,1.0913935770753835e-11,9.485896535217762,7.018667720258236
979,980,7.275957180502557e-12,9.498745165765285,7.015365481376648
980,981,9.094946475628196e-12,9.511249214410782,7.017299257218838
981,982,7.275957180502557e-12,9.524113684892654,7.018133886158466
982,983,9.094946475628196e-12,9.536250315606594,7.027256287634373
983,984,7.27595707208234e-12,9.548011161386967,7.046571634709835
984,985,5.456967885376918e-12,9.560204401612282,7.024645932018757
985,986,1.2732925065879475e-11,9.570384435355663,7.022948741912842
986,987,1.0913935770753835e-11,9.58060809224844,7.0201534032821655
987,988,1.0913935770753835e-11,9.590598464012146,7.021298460662365
988,989,1.2732925065879475e-11,9.59993613511324,7.0583310797810555
989,990,1.2732925065879475e-11,9.60904448479414,7.034792348742485
990,991,7.275957180502557e-12,9.618655428290367,7.020873911678791
991,992,7.275957180502557e-12,9.62729236483574,7.029194734990597
992,993,5.456967885376918e-12,9.636031620204449,7.051963627338409
993,994,5.456967885376918e-12,9.64460238814354,7.03818803280592
994,995,3.6379785902512785e-12,9.653426602482796,7.034865215420723
995,996,5.456967885376918e-12,9.661827117204666,7.0564685091376305
996,997,1.0913935770753835e-11,9.668263241648674,7.049910813570023
997,998,5.456967885376918e-12,9.674570441246033,7.0582263842225075
998,999,9.094946475628196e-12,9.6817182675004,7.049696408212185
999,1000,9.094946475628196e-12,9.688180595636368,7.0479415357112885
1000,1001,2.546585013175895e-11,9.691607542335987,7.046044282615185
1001,1002,2.364686083663331e-11,9.690221555531025,7.032601088285446
1002,1003,2.2070403447524423e-11,9.692668668925762,7.02646142244339
1003,1004,1.2732924957459257e-11,9.69522249698639,7.044347427785397
1004,1005,1.8189892951256392e-11,9.698989406228065,7.037280574440956
1005,1006,1.4551914361005114e-11,9.702191218733788,7.044702723622322
1006,1007,1.6370903656130753e-11,9.706227235496044,7.04751418530941
1007,1008,2.9103828505169793e-11,9.707265853881836,7.058762773871422
1008,1009,2.728483942688459e-11,9.701471902430058,7.0502259731292725
1009,1010,1.2732925065879475e-11,9.704731836915016,7.058410719037056
1010,1011,1.0913935770753835e-11,9.710124805569649,7.06133846193552
1011,1012,1.1156467676770587e-11,9.71540267020464,7.052729815244675
1012,1013,3.6379785902512785e-12,9.721454210579395,7.0801181718707085
1013,1014,5.456967885376918e-12,9.729509845376015,7.056946814060211
1014,1015,7.27595707208234e-12,9.735785521566868,7.119557976722717
1015,1016,5.456967885376918e-12,9.744983449578285,7.05890691280365
1016,1017,1.0913935770753835e-11,9.748272478580475,7.064681693911552
1017,1018,1.0913935770753835e-11,9.748670361936092,7.0597130954265594
1018,1019,1.2732925065879475e-11,9.748711742460728,7.067522719502449
1019,1020,5.456967885376918e-12,9.75258033722639,7.051909305155277
1020,1021,9.094946475628196e-12,9.75628899037838,7.06724289059639
1021,1022,5.456967885376918e-12,9.760097205638885,7.0793749913573265
1022,1023,5.456967885376918e-12,9.765758916735649,7.0558444783091545
1023,1024,9.094946475628196e-12,9.768913395702839,7.061786003410816
